<?xml version="1.0" encoding="UTF-8"?>
<project-private xmlns="http://www.netbeans.org/ns/project-private/1">
    <editor-bookmarks xmlns="http://www.netbeans.org/ns/editor-bookmarks/2" lastBookmarkId="0"/>
    <open-files xmlns="http://www.netbeans.org/ns/projectui-open-files/2">
        <group>
            <file>file:/C:/Users/jivan/Desktop/Orhopedic%20Management%20System/src/PatientAdmit_RoomRecord.java</file>
            <file>file:/C:/Users/jivan/Desktop/Orhopedic%20Management%20System/src/PatientAdmit_WardRecord.java</file>
            <file>file:/C:/Users/jivan/Desktop/Orhopedic%20Management%20System/src/Bill_WardRecord.java</file>
            <file>file:/C:/Users/jivan/Desktop/Orhopedic%20Management%20System/src/Doctor.java</file>
            <file>file:/C:/Users/jivan/Desktop/Orhopedic%20Management%20System/src/PatientAdmit_RoomRecord1.java</file>
            <file>file:/C:/Users/jivan/Desktop/Orhopedic%20Management%20System/src/ChangePassword.java</file>
            <file>file:/C:/Users/jivan/Desktop/Orhopedic%20Management%20System/src/ServicesRecord.java</file>
            <file>file:/C:/Users/jivan/Desktop/Orhopedic%20Management%20System/src/PatientDischarge_Ward.java</file>
            <file>file:/C:/Users/jivan/Desktop/Orhopedic%20Management%20System/src/Bill_Room.java</file>
            <file>file:/C:/Users/jivan/Desktop/Orhopedic%20Management%20System/src/PatientAdmit_Room.java</file>
            <file>file:/C:/Users/jivan/Desktop/Orhopedic%20Management%20System/src/PatientDischargeRecord_Room1.java</file>
            <file>file:/C:/Users/jivan/Desktop/Orhopedic%20Management%20System/src/PatientDischargeRecord_Ward.java</file>
            <file>file:/C:/Users/jivan/Desktop/Orhopedic%20Management%20System/src/Bill_RoomRecord.java</file>
            <file>file:/C:/Users/jivan/Desktop/Orhopedic%20Management%20System/src/PatientRegistrationRecord.java</file>
            <file>file:/C:/Users/jivan/Desktop/Orhopedic%20Management%20System/src/Services.java</file>
            <file>file:/C:/Users/jivan/Desktop/Orhopedic%20Management%20System/src/Nurse_WardBoyRecord.java</file>
            <file>file:/C:/Users/jivan/Desktop/Orhopedic%20Management%20System/src/UsersRegistrationRecord.java</file>
            <file>file:/C:/Users/jivan/Desktop/Orhopedic%20Management%20System/src/PatientRegistration.java</file>
            <file>file:/C:/Users/jivan/Desktop/Orhopedic%20Management%20System/src/view.java</file>
            <file>file:/C:/Users/jivan/Desktop/Orhopedic%20Management%20System/src/Connect.java</file>
            <file>file:/C:/Users/jivan/Desktop/Orhopedic%20Management%20System/src/PatientDischarge_Room.java</file>
            <file>file:/C:/Users/jivan/Desktop/Orhopedic%20Management%20System/src/MainMenu.java</file>
            <file>file:/C:/Users/jivan/Desktop/Orhopedic%20Management%20System/src/PatientAdmit_Ward.java</file>
            <file>file:/C:/Users/jivan/Desktop/Orhopedic%20Management%20System/src/PatientDischargeRecord_Room.java</file>
            <file>file:/C:/Users/jivan/Desktop/Orhopedic%20Management%20System/src/PatientAdmit_WardRecord1.java</file>
            <file>file:/C:/Users/jivan/Desktop/Orhopedic%20Management%20System/src/Bill_Ward.java</file>
            <file>file:/C:/Users/jivan/Desktop/Orhopedic%20Management%20System/src/PatientDischargeRecord_Ward1.java</file>
            <file>file:/C:/Users/jivan/Desktop/Orhopedic%20Management%20System/src/Room.java</file>
            <file>file:/C:/Users/jivan/Desktop/Orhopedic%20Management%20System/src/Login.java</file>
            <file>file:/C:/Users/jivan/Desktop/Orhopedic%20Management%20System/src/LoginDetails.java</file>
            <file>file:/C:/Users/jivan/Desktop/Orhopedic%20Management%20System/src/Contact.java</file>
            <file>file:/C:/Users/jivan/Desktop/Orhopedic%20Management%20System/src/DoctorRecord.java</file>
            <file>file:/C:/Users/jivan/Desktop/Orhopedic%20Management%20System/src/About.java</file>
            <file>file:/C:/Users/jivan/Desktop/Orhopedic%20Management%20System/src/UsersRegistration.java</file>
        </group>
    </open-files>
</project-private>
